Protein,Sequence,UniprotAcc,Position,Gene,enrich_net,enrich_err,enrich_net_btn,enrich_err_btn,Abltide,Abltide_err,Abltide_inactive,Abltide_inactive_err
"1-phosphatidylinositol 4,5-bisphosphate phosphodiesterase beta-3",DDHQDyAEALI,Q01970,Y855-p,PLCB3,-0.556923027,0.140873115,-0.355391982,0.547310112,2.35408,0.203229,-1.733289,0.223756
182 kDa tankyrase-1-binding protein,GPPARsPsQDF,Q9C0C2,S1552-p;S1554-p,TNKS1BP1,,,,,,,,
182 kDa tankyrase-1-binding protein,VSLGTyGSRAA,Q9C0C2,Y940-p,TNKS1BP1,-2.149668607,0.041380064,-1.876767987,0.26093612,,,,
26S proteasome regulatory subunit 4,DKKKKyEPPVP,P62191,Y25-p,PSMC1,-1.034967078,1.080213671,-1.449101666,0.497399526,,,,
40S ribosomal protein S10,NRIAIyELLFK,P46783,Y12-p,RPS10,1.599588791,0.257461489,1.98106512,0.249578644,,,,
40S ribosomal protein S10,QYLRDyLHLPP,P46783,Y82-p,RPS10,0.277232009,0.50499532,1.329520132,0.08918915,,,,
40S ribosomal protein S27,VQSPNsYFMDV,Q71UM5; P42677,S30-p,RPS27,,,,,,,,
40S ribosomal protein S3,VRRACyGVLRF,P23396,Y120-p,RPS3,-0.636202831,0.399045453,-1.647767786,0.163762382,,,,
60S acidic ribosomal protein P0,QLLDDyPKCFI,P05388; Q8NHW5,Y24-p,RPLP0,-0.805625156,0.070133008,-0.547462505,0.42700466,,,,
60S ribosomal protein L10a,SRDTLyEAVRE,P62906,Y11-p,RPL10A,0.719507691,0.110003445,1.743419152,0.042560171,,,,
60S ribosomal protein L35a,KIEGVyARDET,P18077,Y34-p,RPL35A,-0.987842966,0.167900737,-1.193402488,0.213747599,,,,
ARF GTPase-activating protein GIT1,DDQHDyDSVAS,Q9Y2X7,Y383-p,GIT1,-0.711767141,0.250210266,-0.54221633,0.44591721,,,,
ARF GTPase-activating protein GIT1,GADSDyENTQS,Q9Y2X7,Y598-p,GIT1,-0.664511452,0.306194191,-0.606367559,0.337506477,,,,
ATP-citrate synthase,TTDGVyEGVAI,P53396,Y682-p,ACLY,-0.37843688,0.010550277,-0.283075827,0.34184031,,,,
"ATP-dependent 6-phosphofructokinase, platelet type",TTDFIyQLYSE,Q01813,Y651-p,PFKP,0.48171917,0.088996658,0.479043175,0.120593852,,,,
ATPase WRNIP1,AGEEHyNCISA,Q96S55,Y500-p,WRNIP1,-0.678987584,0.087176911,-1.048060472,0.489284054,,,,
Abl interactor 2,VVPNDyVPSPT,Q9NYB9,Y213-p,ABI2,-1.268085003,0.062835299,-0.927671404,0.402062148,,,,
Actin filament-associated protein 1-like 2,DEEYIyMNKVT,Q8N4X5,Y56-p,AFAP1L2,-0.498442423,0.031890787,-0.957896902,0.535744177,,,,
Actin filament-associated protein 1-like 2,QDRNRsKVAQQ,Q8N4X5,S389-p,AFAP1L2,,,,,,,,
Actin filament-associated protein 1-like 2,SPDHLySFRIL,Q8N4X5,Y413-p,AFAP1L2,0.047227578,0.130730297,0.533254286,0.01445676,,,,
Actin filament-associated protein 1-like 2,SSDEEyIYMNK,Q8N4X5,Y54-p,AFAP1L2,-0.688009139,0.344951807,-1.017494429,0.224267694,,,,
"Actin, cytoplasmic 1",HTVPIyEGYAL,A5A3E0; Q9BYX7; P0CG39; P60709; Q6S8J3; P68133; P0CG38; P68032; P63261,Y166-p,ACTB,0.739492343,0.291575844,1.829474703,0.038893612,,,,
"Actin, cytoplasmic 1",IRKDLyANTVL,A5A3E0; Q9BYX7; P0CG39; P60709; Q6S8J3; P68133; P0CG38; P68032; P63261,Y294-p,ACTB,-0.484104889,0.200754515,0.634399452,0.101781568,,,,
"Actin, cytoplasmic 1",KEKLCyVALDF,A5A3E0; Q9BYX7; P0CG39; P60709; Q6S8J3; P68133; P0CG38; P68032; P63261,Y218-p,ACTB,1.400414053,0.108991985,1.71177679,0.200332009,,,,
"Actin, cytoplasmic 1",SLEKsyELPDG,A5A3E0; Q9BYX7; P0CG39; P60709; Q6S8J3; P68133; P0CG38; P68032; P63261,Y240-p;S239-p,ACTB,-0.731400387,0.321309174,-0.803189004,0.227723734,,,,
"Actin, cytoplasmic 1",WHHTFyNELRV,A5A3E0; Q9BYX7; P0CG39; P60709; Q6S8J3; P68133; P0CG38; P68032; P63261,Y91-p,ACTB,0.247387807,0.517232676,0.476023479,0.209707829,,,,
Actin-binding LIM protein 3,SQTSKySPIYS,O94929,Y471-p,ABLIM3,-0.201660876,0.216645921,1.027034256,0.046457372,,,,
Actin-related protein 2/3 complex subunit 3,VDEAIyYFKAN,O15145,Y47-p,ARPC3,0.495167763,0.190323309,1.399191214,0.076896405,,,,
Activated CDC42 kinase 1,ASDPKyATPQV,Q07912,Y827-p,TNK2,-1.151240527,0.099664219,-1.111481836,0.257518958,,,,
Activated CDC42 kinase 1,GVKKPtYDPVS,Q07912,T517-p,TNK2,,,,,,,,
Activated CDC42 kinase 1,QNDDHyVMQEH,Q07912,Y284-p,TNK2,-0.810990471,0.080006626,-1.107300912,0.391373248,,,,
Activated CDC42 kinase 1,VKKPTyDPVSE,Q07912,Y518-p,TNK2,-1.382640316,0.188933601,-1.357434837,0.456195507,,,,
Activated CDC42 kinase 1,VSSTHyYLLPE,Q07912,Y859-p,TNK2,2.110623426,0.248312378,2.439428158,0.144538866,,,,
Activator of 90 kDa heat shock protein ATPase homolog 1,QGWQRyYFEGI,O95433,Y322-p,AHSA1,0.376580735,0.226101506,0.617732308,0.290327479,,,,
Adapter molecule crk,RVPNAyDKTAL,P46108,Y251-p,CRK,-1.745778378,0.467866005,-1.841055569,0.098980928,,,,
Adenosine 3'-phospho 5'-phosphosulfate transporter 2,NNSRKyISITV,Q9H1N7,Y43-p,SLC35B3,-1.45363868,0.451754355,-1.44443095,0.215906654,,,,
Adenylosuccinate lyase,PLASRyASPEM,P30566,Y21-p,ADSL,-1.740657726,0.235914607,-2.157969999,0.485262565,,,,
Adenylyl cyclase-associated protein 1,QVAYIyKCVNT,Q01518,Y354-p,CAP1,-0.300817042,0.206583095,-0.319040676,0.050277778,,,,
Afadin,TYTREyFTFPA,P55196,Y1230-p,AFDN,0.668875665,0.30658526,1.676341061,0.046589995,,,,
Albumin,TFLKKyLYEIA,P02768,Y162-p,ALB,-0.291290712,0.204620767,-0.667689037,0.355708819,,,,
Albumin,TFLKKyLyEIA,P02768,Y162-p;Y164-p,ALB,-0.291290712,0.204620767,-0.667689037,0.355708819,,,,
Aldehyde dehydrogenase family 1 member A3,RELGEyALAEY,P47895,Y492-p,ALDH1A3,-0.487840316,0.178607154,-0.555506339,0.435780796,,,,
Aldo-keto reductase family 1 member B1,KPGLKyKPAVN,P15121,Y178-p,AKR1B1,-1.207745978,0.032780278,-1.067000857,0.470954571,,,,
Alpha-actinin-1,DVAEKyLDIPK,P12814,Y215-p,ACTN1,-1.063044382,0.455390402,-1.553409678,0.299616949,,,,
Ankyrin repeat and SAM domain-containing protein 1A,EDEHPyELLLT,Q92625,Y455-p,ANKS1A,0.052127808,0.07737656,0.384258279,0.280362886,,,,
Annexin A1,DARALyEAGER,P04083,Y207-p,ANXA1,-0.942225641,0.005396865,-1.209689518,0.627154193,,,,
Annexin A1,SAVSPyPTFNP,P04083,Y39-p,ANXA1,-1.992346751,0.075377668,-1.740066251,0.250280914,,,,
Annexin A2,GSVKAyTNFDA,A6NMY6; P07355,Y30-p,ANXA2,-1.318273903,0.263741506,-1.858236779,0.214049341,,,,
Annexin A2,KsYSPyDMLES,P07355,Y238-p;S234-p,ANXA2,0.351120186,0.207347741,0.942960249,0.248620645,,,,
Annexin A2,QKALLyLCGGD,A6NMY6; P07355,Y333-p,ANXA2,-0.189572675,0.086708723,-0.513919,0.279327578,,,,
Annexin A2,SVKAYtNFDAE,A6NMY6; P07355,T31-p,ANXA2,,,,,,,,
Annexin A2,TPPSAyGSVKA,A6NMY6; P07355,Y24-p,ANXA2,-1.88594122,0.161541678,-2.039092218,0.524844812,,,,
Annexin A2,YGKsLyYYIQQ,P07355,Y316-p;S314-p,ANXA2,1.649083615,0.20217833,2.157272443,0.082171668,,,,
Annexin A5,RLYDAyELKHA,P08758,Y94-p,ANXA5,1.006061238,0.329376422,2.168184431,0.035442963,,,,
Annexin A8,DAETLyKAMKG,Q5VT79; P13928,Y31-p,ANXA8,-0.77747948,0.083156184,-0.852005054,0.539241184,,,,
"Arf-GAP with Rho-GAP domain, ANK repeat and PH domain-containing protein 1",FDDSDyDEVPE,Q96P48,Y231-p,ARAP1,-0.532491471,0.130061952,-0.232838488,0.445868588,,,,
"Arf-GAP with Rho-GAP domain, ANK repeat and PH domain-containing protein 1",FDDsDyDEVPE,Q96P48,Y231-p;S229-p,ARAP1,-0.532491471,0.130061952,-0.232838488,0.445868588,,,,
"Arf-GAP with Rho-GAP domain, ANK repeat and PH domain-containing protein 2",ASESEySTVEE,Q8WZ64,Y415-p,ARAP2,-0.438773967,0.049857149,-0.397746723,0.460510939,,,,
"Arf-GAP with Rho-GAP domain, ANK repeat and PH domain-containing protein 2",SSIFPyGETFL,Q8WZ64,Y334-p,ARAP2,-1.128755488,0.180615955,-0.981332838,0.422187243,,,,
"Arf-GAP with SH3 domain, ANK repeat and PH domain-containing protein 2",LQNETyGALLS,O43150,Y763-p,ASAP2,-0.990042231,0.102150414,-1.470271174,0.271266805,,,,
"Asparagine--tRNA ligase, cytoplasmic",RDVCLyPRFVQ,O43776,Y539-p,NARS,-0.218559382,0.240580728,-0.425166799,0.432782233,,,,
BAG family molecular chaperone regulator 3,AQQGEyQTHQP,O95817,Y240-p,BAG3,-1.551708567,0.27761442,-1.662833752,0.584486597,,,,
Band 4.1-like protein 1,IRPGEyEQFES,Q9H4G0,Y343-p,EPB41L1,-0.3951271,0.243091678,-0.446815828,0.390600058,,,,
Band 4.1-like protein 2,EGDNIyVRHSN,O43491,Y623-p,EPB41L2,-0.898543111,0.167845136,-0.590401601,0.603131892,,,,
Bifunctional purine biosynthesis protein ATIC,QMPLRyGMNPH,P31939,Y208-p,ATIC,-1.982429903,0.164293417,-2.124600042,0.31790308,,,,
Brain-specific angiogenesis inhibitor 1-associated protein 2,QGLDDyGARSM,Q9UQB8,Y505-p,BAIAP2,-1.677522198,0.231781476,-1.496766451,0.250139169,,,,
Brain-specific angiogenesis inhibitor 1-associated protein 2-like protein 1,KDGWLyGEHDV,Q9UHR4,Y380-p,BAIAP2L1,-0.884044547,0.304883309,-1.31342808,0.309899212,,,,
Brain-specific angiogenesis inhibitor 1-associated protein 2-like protein 1,VVRKDyDTLSK,Q9UHR4,Y274-p,BAIAP2L1,-1.545616807,0.033375586,-1.664153395,0.225895,,,,
Breast cancer anti-estrogen resistance protein 1,GPQDIyDVPPV,P56945,Y249-p,BCAR1,1.421521474,0.213358486,1.981558463,0.099877727,,,,
Breast cancer anti-estrogen resistance protein 1,ILVGMyDKKPA,P56945,Y67-p,BCAR1,-1.541644582,0.00640669,-1.652118449,0.223220262,,,,
Breast cancer anti-estrogen resistance protein 1,LREETyDVPPA,P56945,Y327-p,BCAR1,0.674342962,0.218476411,1.176182582,0.178675981,,,,
Breast cancer anti-estrogen resistance protein 1,PAEDVyDVPPP,P56945,Y362-p,BCAR1,0.565582305,0.187177961,0.949291265,0.178131316,,,,
Breast cancer anti-estrogen resistance protein 1,PAPDLyDVPPG,P56945,Y372-p,BCAR1,1.336178327,0.029043084,2.034193814,0.041453616,,,,
Breast cancer anti-estrogen resistance protein 1,PEQDEyDIPRH,P56945,Y234-p,BCAR1,-0.309753192,0.067773435,-0.34558121,0.617973926,,,,
Breast cancer anti-estrogen resistance protein 1,VDSGVyAVPPP,P56945,Y410-p,BCAR1,1.098634443,0.050818408,2.149298765,0.146354157,,,,
Breast cancer anti-estrogen resistance protein 1,YGQEVyDTPPM,P56945,Y267-p,BCAR1,0.647051535,0.161293614,1.162033638,0.229699249,,,,
Breast cancer anti-estrogen resistance protein 3,AHQSEsYLPIG,O75815,S340-p,BCAR3,,,,,,,,
Breast cancer anti-estrogen resistance protein 3,CLEEHyGTSPG,O75815,Y266-p,BCAR3,-0.274035598,0.052547661,-0.080085712,0.405333259,,,,
Breast cancer anti-estrogen resistance protein 3,RLSEAySRVQY,O75815,Y212-p,BCAR3,-1.12968902,0.321238667,-0.829894876,0.487954907,,,,
CD2-associated protein,PKPSVyLSTPS,Q9Y5K6,Y548-p,CD2AP,-1.292589535,0.126950057,-1.381223271,0.66083467,,,,
CLIP-associating protein 2,RDYNPyNYSDS,O75122,Y1022-p,CLASP2,-0.752019843,0.155721477,-0.930654921,0.336665783,,,,
CTP synthase 1,YGDADyLEERH,P17812,Y473-p,CTPS1,-0.462082295,0.177654375,-0.259767037,0.259100582,,,,
Calponin-3,KGMSVyGLGRQ,Q15417,Y261-p,CNN3,-1.365157888,0.186759009,-1.829978873,0.361198932,,,,
Caskin-2,NIRNTyNQTAL,Q8WXE0,Y253-p,CASKIN2,-1.904961879,0.386636839,-1.997404606,0.166301795,,,,
Caskin-2,PHPLTySQLPR,Q8WXE0,Y384-p,CASKIN2,-0.424599993,0.168739408,0.756638182,0.104433854,,,,
Catenin delta-1,GGSDNyGSLSR,O60716,Y228-p,CTNND1,-1.580246999,0.137958956,-1.602247141,0.091540456,,,,
Catenin delta-1,GGSDNyGsLSR,O60716,Y228-p;S230-p,CTNND1,-1.580246999,0.137958956,-1.602247141,0.091540456,,,,
Catenin delta-1,PPDGYsRHYED,O60716,S214-p,CTNND1,,,,,,,,
Catenin delta-1,PSDQYyWAPLA,O60716,Y335-p,CTNND1,2.031709966,0.247720004,2.371147305,0.069364694,,,,
Catenin delta-1,SLDNNySTPNE,O60716,Y904-p,CTNND1,-0.681618606,0.098461022,-0.905108593,0.321656502,,,,
Catenin delta-1,SRQDVyGPQPQ,O60716,Y257-p,CTNND1,-1.34506811,0.143400194,-1.305099658,0.44802094,,,,
Catenin delta-1,SVSNNyIQTLG,O60716,Y174-p,CTNND1,-1.450577392,0.027235496,-1.944008094,0.571796194,,,,
Catenin delta-1,VPSDQyYWAPL,O60716,Y334-p,CTNND1,1.859410666,0.23592626,2.351290031,0.150047652,,,,
Catenin delta-1,YDDLDyGMMSD,O60716,Y296-p,CTNND1,-0.098161991,0.026929583,-0.343370483,0.336041266,,,,
Caveolae-associated protein 1,FKVMIyQDEVK,Q6NZI2,Y156-p,CAVIN1,-0.035476877,0.078621983,-0.394714913,0.4670755,,,,
Caveolae-associated protein 1,PDHVVyARSKT,Q6NZI2,Y308-p,CAVIN1,-1.843603082,0.100631145,-1.831747,0.303892469,,,,
Cell surface glycoprotein MUC18,DQGEKyIDLRH,P43121,Y641-p,MCAM,-0.817335059,0.184317336,-0.837757607,0.180075838,,,,
Charged multivesicular body protein 1a,ECARVyAENAI,Q9HD42,Y48-p,CHMP1A,-0.516923995,0.301653411,-0.383306172,0.451056545,,,,
Cingulin,LPENPySQVKG,Q9P2M7,Y99-p,CGN,-0.67676404,0.061316572,-0.733970574,0.441550278,,,,
Cofilin-1,LQANCyEEVKD,P23528,Y140-p,CFL1,0.170933206,0.181201538,0.026636689,0.359319945,,,,
Coiled-coil domain-containing protein 120,SSEVLyERPQP,Q96HB5,Y398-p,CCDC120,0.962411995,0.190404882,1.834509524,0.117454685,,,,
Cyclin-dependent kinase 1,IGEGTyGVVYK,P06493,Y15-p,CDK1,0.458724098,0.244918699,1.148302679,0.159930161,,,,
Cyclin-dependent kinase 2,GVPVRtYtHEV,P24941,T158-p;T160-p,CDK2,,,,,,,,
Cyclin-dependent kinase 2,IGEGTyGVVYK,P24941,Y15-p,CDK2,0.458724098,0.244918699,1.148302679,0.159930161,,,,
Cyclin-dependent-like kinase 5,KIGEGtYGTVF,Q00535,T14-p,CDK5,,,,,,,,
Cysteine-rich protein 1,CNKEVyFAERV,P50238,Y12-p,CRIP1,0.05200415,0.011383369,-0.074342869,0.323309856,,,,
DNA replication licensing factor MCM2,GLLYDsDEEDE,P49736,S139-p,MCM2,,,,,,,,
Desmoplakin,EKSAIyQLEEE,P15924,Y249-p,DSP,-0.98555315,0.25596008,-1.483224813,0.094779461,,,,
Desmoplakin,EKsAIyQLEEE,P15924,Y249-p;S246-p,DSP,-0.98555315,0.25596008,-1.483224813,0.094779461,,,,
Desmoplakin,GSRRGsFDATG,P15924,S2849-p,DSP,,,,,,,,
Desmoplakin,KGGGGyTCQSG,P15924,Y172-p,DSP,-1.390633183,0.138078535,-1.14792975,0.462057659,,,,
Desmoplakin,QNSDGyCQTGT,P15924,Y56-p,DSP,-1.223164221,0.193622279,-1.126727533,0.332129173,,,,
"Discoidin, CUB and LCCL domain-containing protein 2",ADSAEyAQPLV,Q96PD2,Y621-p,DCBLD2,-0.983039471,0.236597041,-0.88950485,0.6185414,,,,
"Discoidin, CUB and LCCL domain-containing protein 2",PDELVyQVPQS,Q96PD2,Y750-p,DCBLD2,0.741071569,0.003949869,1.409381714,0.006707165,,,,
Disintegrin and metalloproteinase domain-containing protein 9,REVPIyANRFA,Q13443,Y769-p,ADAM9,-0.701684893,0.366279039,0.346411211,0.097194691,,,,
Disintegrin and metalloproteinase domain-containing protein 9,RFAVPtYAAKQ,Q13443,T777-p,ADAM9,,,,,,,,
Disks large homolog 3,VDGQDyHFVVS,Q92796,Y673-p,DLG3,-0.664735207,0.105240659,-1.070330424,0.43445052,,,,
DnaJ homolog subfamily B member 1,SLEEIySGCTK,P25685,Y176-p,DNAJB1,0.479939522,0.099688961,0.480107303,0.165798247,,,,
Docking protein 1,PATDDyAVPPP,Q99704,Y409-p,DOK1,-0.764310404,0.082665928,-1.179897395,0.761939566,,,,
Docking protein 1,PYNPAtDDYAV,Q99704,T406-p,DOK1,,,,,,,,
Docking protein 1,QDSLYsDPLDS,Q99704,S316-p,DOK1,,,,,,,,
Docking protein 1,SPPALyAEPLD,Q99704,Y296-p,DOK1,0.641217851,0.012069993,1.027927184,0.170865651,,,,
Double-strand break repair protein MRE11,IEVDEsDVEED,P49959,S649-p,MRE11,,,,,,,,
Drebrin,GYFSQsQEEEF,Q16643,S601-p,DBN1,,,,,,,,
Dual adapter for phosphotyrosine and 3-phosphotyrosine and 3-phosphoinositide,EEPSIyESVRV,Q9UN19,Y139-p,DAPP1,0.507457156,0.016783788,1.211292732,0.177112898,,,,
Dual specificity tyrosine-phosphorylation-regulated kinase 1A,QRIYQyIQSRF,Q9Y463; Q13627,Y321-p,DYRK1A,1.536618202,0.343806055,1.892891774,0.378582486,,,,
Dual specificity tyrosine-phosphorylation-regulated kinase 1A,YDDDNyDYIVK,Q9Y463; Q13627,Y145-p,DYRK1A,0.643082385,0.210493478,0.871193133,0.231991256,,,,
Dual specificity tyrosine-phosphorylation-regulated kinase 2,QRVYTyIQSRF,Q92630; Q9NR20,Y382-p,DYRK2,0.626288026,0.236918322,0.972361921,0.151761263,,,,
Dual specificity tyrosine-phosphorylation-regulated kinase 3,QKLYTyIQSRF,O43781,Y369-p,DYRK3,0.962809827,0.261683918,1.486388652,0.165641867,,,,
E3 SUMO-protein ligase RanBP2,RPDYVsEEEED,P49792,S2668-p,RANBP2,,,,,,,,
E3 ubiquitin-protein ligase CBL-B,EQYELyCEMGS,Q13191,Y363-p,CBLB,1.179847164,0.247226578,1.58312292,0.073649488,,,,
E3 ubiquitin-protein ligase CBL-B,RtPSDyDLLIP,Q13191,Y802-p;T798-p,CBLB,0.379117527,0.285295574,1.510430653,0.11389029,,,,
E3 ubiquitin-protein ligase CBL-B,RtSQDyDQLPS,Q13191,Y889-p;T885-p,CBLB,-0.578120841,0.038713736,-0.719437631,0.461552389,,,,
E3 ubiquitin-protein ligase CBL-C,EAVSIyQFHGQ,Q9ULV8,Y402-p,CBLC,0.882489433,0.210552938,1.900637189,0.126174478,,,,
E3 ubiquitin-protein ligase Itchy homolog,AALDIyETLKS,Q96J02,Y103-p,ITCH,0.637871169,0.119556191,1.544944868,0.014000637,,,,
E3 ubiquitin-protein ligase RNF113A,LDEGRyGVYED,O15541,Y241-p,RNF113A,-0.585467407,0.278955071,-0.928295304,0.506882321,,,,
E3 ubiquitin-protein ligase RNF113A,NYEVGsDDEEI,O15541,S253-p,RNF113A,,,,,,,,
Elongation factor 1-alpha 1,HALLAyTLGVK,Q05639; P68104; Q5VTE0,Y141-p,EEF1A1,-1.073420122,0.078864641,-1.646838323,0.420487416,,,,
Elongation factor 1-alpha 1,TGHLIyKCGGI,Q05639; P68104; Q5VTE0,Y29-p,EEF1A1,-0.98547514,0.038977938,-0.801210043,0.305626906,,,,
Engulfment and cell motility protein 2,LPNPEyYTLRY,Q96JJ3,Y48-p,ELMO2,0.246220244,0.034428308,0.998908959,0.08981613,,,,
Enhancer of filamentation 1,ERDGVyDVPLH,Q14511,Y345-p,NEDD9,0.285450081,0.087000361,1.112906498,0.00350247,,,,
Enhancer of filamentation 1,EYPSRyQKDVY,Q14511,Y172-p,NEDD9,-1.445002186,0.235186099,-1.540098481,0.227926285,,,,
Enhancer of filamentation 1,GHGYVyEYPSR,Q14511,Y166-p,NEDD9,1.74883157,0.163738382,2.283506708,0.122617451,,,,
Enhancer of filamentation 1,GQQKLyQVPNP,Q14511,Y92-p,NEDD9,1.357550249,0.01869024,2.337332122,0.199894288,,,,
Enhancer of filamentation 1,KPQGVyDIPPT,Q14511,Y214-p,NEDD9,1.430004726,0.082261672,2.3952777,0.230174829,,,,
Enhancer of filamentation 1,LREKDyDFPPP,Q14511,Y241-p,NEDD9,0.372340458,0.229173471,1.19770011,0.39094556,,,,
Enhancer of filamentation 1,MARALyDNVPE,Q14511,Y12-p,NEDD9,0.067387474,0.165113291,0.973461258,0.134242113,,,,
Enhancer of filamentation 1,MDDYDyVHLQG,Q14511,Y631-p,NEDD9,0.446775821,0.119492429,0.591052672,0.487674618,,,,
Enhancer of filamentation 1,PPSHTtQGVYD,Q14511,T185-p,NEDD9,,,,,,,,
Enhancer of filamentation 1,PRDTIyQVPPS,Q14511,Y106-p,NEDD9,1.87924338,0.024835551,2.721040726,0.172094523,,,,
Enhancer of filamentation 1,PTKGVyAIPPS,Q14511,Y223-p,NEDD9,1.558591616,0.156335834,2.551582755,0.034202174,,,,
Enhancer of filamentation 1,QVPPSyQNQGI,Q14511,Y112-p,NEDD9,-1.898338662,0.023577777,-1.417792476,0.094515863,,,,
Enhancer of filamentation 1,RPEGVyDIPPT,Q14511,Y261-p,NEDD9,1.575568957,0.125868538,2.213045136,0.200424399,,,,
Enhancer of filamentation 1,SQNDAyDVPRG,Q14511,Y317-p,NEDD9,-0.461431486,0.037613182,-0.338261058,0.37054978,,,,
Enhancer of filamentation 1,YQKDVyDIPPS,Q14511,Y177-p,NEDD9,1.552289548,0.11738167,2.421643164,0.247568542,,,,
Ephrin type-A receptor 2,DDPEAtYTTSG,P29317,T771-p,EPHA2,,,,,,,,
Ephrin type-A receptor 2,DPEATyTTSGG,P29317,Y772-p,EPHA2,-0.574388651,0.044282426,-0.54952967,0.407739299,,,,
Ephrin type-A receptor 2,SPEDVyFSKSE,P29317,Y575-p,EPHA2,-0.216350959,0.038629014,-0.366583901,0.27288888,,,,
Ephrin type-A receptor 2,VDPHTyEDPNQ,P29317,Y594-p,EPHA2,-0.23113689,0.056605159,-0.073336275,0.398605707,,,,
Ephrin type-A receptor 5,DPEAAyTTRGG,P54756,Y833-p,EPHA5,-1.320805944,0.320524195,-1.244001959,0.339727349,,,,
Ephrin type-B receptor 2,PGMKIyIDPFT,P54762; P29323,Y596-p,EPHB2,0.194442641,0.157604964,0.832374827,0.22134913,,,,
Ephrin type-B receptor 3,DPSDPtYTSSL,P54753,T791-p,EPHB3,,,,,,,,
Ephrin type-B receptor 4,NSSDPtYTSSL,P54760,T773-p,EPHB4,,,,,,,,
Ephrin-B2,VFCPHyEKVSG,P52799,Y304-p,EFNB2,-0.39422859,0.310135344,-0.47004181,0.310843182,,,,
Epidermal growth factor receptor,AENAEyLRVAP,P00533,Y1197-p,EGFR,-0.701618687,0.044203407,-0.497733189,0.34150942,,,,
Epidermal growth factor receptor,LDNPDyQQDFF,P00533,Y1172-p,EGFR,-0.570368285,0.317213026,-0.60823472,0.436509376,,,,
Epidermal growth factor receptor kinase substrate 8,RADPPyTHTIQ,Q12929,Y602-p,EPS8,-1.811711786,0.15979561,-1.985149226,0.367156464,,,,
Epidermal growth factor receptor kinase substrate 8,SSVSEyHPADG,Q12929,Y485-p,EPS8,-1.491351326,0.300246209,-1.572469361,0.410901215,,,,
Epidermal growth factor receptor kinase substrate 8-like protein 1,EGARVySQVTV,Q8TE68,Y684-p,EPS8L1,-0.480736099,0.072345696,-0.004704352,0.259059668,,,,
Epidermal growth factor receptor kinase substrate 8-like protein 1,EGYVPyNILTP,Q8TE68,Y529-p,EPS8L1,-0.361639417,0.194368405,-0.0027293,0.360880282,,,,
Epidermal growth factor receptor substrate 15-like 1,RsLEQyDQVLD,Q9UBC2,Y564-p;S560-p,EPS15L1,-0.49968726,0.134540817,-0.411160317,0.55605794,,,,
Epithelial splicing regulatory protein 2,MLGKRyIELFR,Q6NXG1; Q9H6T0,Y430-p,ESRP2,-1.733407035,0.137740966,-1.634422273,0.316654641,,,,
Erbin,IPEGDyLSYRE,Q96RT1,Y1104-p,ERBIN,-0.634846423,0.294161422,-0.594595443,0.476599422,,,,
Eukaryotic translation initiation factor 2 subunit 2,KDTRLyFLQCE,P20042,Y298-p,EIF2S2,0.296500866,0.131223951,0.228274558,0.054750239,,,,
Ezrin,LSDEIyCPPET,P15311,Y116-p,EZR,0.437251466,0.101911462,0.847211962,0.310257503,,,,
FYN-binding protein 1,AVEIDyDSLKL,O15117,Y571-p,FYB1,-0.819301998,0.427095037,-0.882708287,0.480032652,,,,
FYN-binding protein 1,NEEGKyGyVLR,O15117,Y755-p;Y757-p,FYB1,-0.312549363,0.11037745,-0.427182052,0.598587114,,,,
Filamin-A,ALEECyVTEID,P21333,Y2379-p,FLNA,-0.881585946,0.28343101,-0.993914877,0.518000808,,,,
Filamin-B,IDNYDySHTVK,O75369,Y904-p,FLNB,-0.633756877,0.060946516,-0.671479283,0.481961107,,,,
Focal adhesion kinase 1,FGLSRyMEDST,Q05397,Y570-p,PTK2,-1.093691119,0.256132901,-1.076244684,0.166491022,,,,
Focal adhesion kinase 1,GNQHIyQPVGK,Q05397,Y861-p,PTK2,1.032874691,0.119621544,2.187654208,0.16701817,,,,
Focal adhesion kinase 1,SETDDyAEIID,Q05397,Y397-p,PTK2,-0.420374464,0.027047014,-0.234901061,0.286522368,,,,
Formin-binding protein 1-like,YSQHIyRTISD,Q5T0N5,Y291-p,FNBP1L,-1.310919147,0.514622341,-1.874997456,0.049801957,,,,
Four and a half LIM domains protein 2,LGGTKyISFEE,Q14192,Y236-p,FHL2,-0.83507188,0.002662564,-0.778875019,0.34751524,,,,
Fructose-bisphosphate aldolase A,LKRCQyVTEKV,P04075,Y204-p,ALDOA,-1.076261515,0.006774504,-1.054379567,0.259995886,,,,
G-protein coupled receptor family C group 5 member B,FRsNVyQPTEM,Q9NZH0,Y376-p;S373-p,GPRC5B,-0.920494463,0.06869445,-0.698905155,0.44839251,,,,
G-protein coupled receptor family C group 5 member C,PSEGAyDIILP,Q9NQ84,Y387-p,GPRC5C,1.771611285,0.012068327,2.554582714,0.061033116,,,,
"GDP-mannose 4,6 dehydratase",TVDLKyYRPTE,O60547,Y323-p,GMDS,-0.432546459,0.080416194,-0.466631161,0.380057123,,,,
GRB2-associated-binding protein 1,ADGELyVFNTP,Q13480,Y285-p,GAB1,0.837886909,0.038256326,1.259521864,0.188434657,,,,
GRB2-associated-binding protein 1,DERVDyVVVDQ,Q13480,Y659-p,GAB1,-0.344239662,0.124771885,-0.267729968,0.177707567,,,,
GRB2-associated-binding protein 1,DKQVEyLDLDL,Q13480,Y627-p,GAB1,-0.666751808,0.424635554,-0.770658224,0.337552047,,,,
GRB2-associated-binding protein 1,DTDSSyCIPTA,Q13480,Y373-p,GAB1,0.375512045,0.131432664,0.858916598,0.196114248,,,,
GRB2-associated-binding protein 1,PTPGNtYQIPR,Q13480,T316-p,GAB1,,,,,,,,
GRB2-associated-binding protein 1,SSQDCyDIPRA,Q13480,Y406-p,GAB1,0.82419471,0.077264201,1.521233298,0.086323415,,,,
GRB2-associated-binding protein 1,VDSSLyNLPRS,Q13480,Y259-p,GAB1,-0.594306225,0.129760777,-0.362221832,0.500675194,,,,
GRB2-associated-binding protein 2,DNEDVyTFKTP,Q9UQC2,Y293-p,GAB2,-0.275019478,0.214791965,-0.450131948,0.345490679,,,,
GRB2-associated-binding protein 2,EFRDStYDLPR,Q9UQC2,T265-p,GAB2,,,,,,,,
GRB2-associated-binding protein 2,FRDSTyDLPRS,Q9UQC2,Y266-p,GAB2,0.498506341,0.311662802,1.445651523,0.191033836,,,,
GRB2-associated-binding protein 2,NEDVYtFKTPS,Q9UQC2,T294-p,GAB2,,,,,,,,
Glucose-6-phosphate 1-dehydrogenase,EGRGGyFDEFG,P11413,Y249-p,G6PD,-0.67359593,0.227740178,-0.705044473,0.413351917,,,,
Glucose-6-phosphate 1-dehydrogenase,RVGFQyEGTYK,P11413,Y503-p,G6PD,-1.39937834,0.047900338,-1.79328815,0.511856206,,,,
Glucose-6-phosphate 1-dehydrogenase,YVAGQyDDAAS,P11413,Y112-p,G6PD,-0.411956077,0.036362717,-0.575965163,0.573911876,,,,
Glutathione S-transferase P,QDGDLtLYQSN,P09211,T62-p,GSTP1,,,,,,,,
Glycogen synthase kinase-3 alpha,GEPNVsYICSR,P49840; P49841,S278-p,GSK3A,,,,,,,,
Golgi SNAP receptor complex member 1,RDRYSsDTTPL,O95249,S52-p,GOSR1,,,,,,,,
Golgin subfamily A member 3,AMTKEySFLRT,Q08378,Y210-p,GOLGA3,-0.81405843,0.111369757,-1.022910728,0.479740715,,,,
Golgin subfamily A member 4,KGGNLyHTDVS,Q13439,Y2162-p,GOLGA4,-1.077836896,0.02318251,-0.904614913,0.259814685,,,,
Golgin subfamily A member 4,YEKNVyATTVG,Q13439,Y2148-p,GOLGA4,-0.726293611,0.204042541,-0.524809378,0.396088906,,,,
Golgin subfamily A member 5,IYSKNtDYTEL,Q8TBA6,T40-p,GOLGA5,,,,,,,,
Growth factor receptor-bound protein 2,PQQPTyVQALF,P62993,Y160-p,GRB2,0.164495836,0.266222784,1.310585393,0.092418025,,,,
Heat shock cognate 71 kDa protein,RtTPSyVAFTD,P48741; P17066; P54652; P11142; P0DMV8; P34931,Y41-p;T37-p,HSPA8,-0.347460217,0.265354667,0.681442206,0.064862624,,,,
Heat shock protein HSP 90-alpha,EDQTEyLEERR,P07900; P08238; Q58FF6; Q58FF7,Y197-p,HSP90AA1,-1.035537913,0.442452714,-0.82100024,0.172244796,,,,
Heat shock protein HSP 90-beta,TQKsIyYITGE,P08238,Y484-p;S482-p,HSP90AB1,1.323824368,0.094668,2.069931949,0.117674563,,,,
Hepatocyte growth factor receptor,LVSARsVSPTT,P08581,S988-p,MET,,,,,,,,
Hepatocyte growth factor-regulated tyrosine kinase substrate,VCEPCyEQLNR,O14964,Y216-p,HGS,-0.045796895,0.067628645,-0.181961391,0.173972214,,,,
Heterogeneous nuclear ribonucleoprotein A1,GGGGQyFAKPR,P09651,Y347-p,HNRNPA1,-1.684016654,0.123339538,-1.787701354,0.247115117,,,,
Heterogeneous nuclear ribonucleoprotein U,IPEEYtFIQNV,Q00839,T474-p,HNRNPU,,,,,,,,
Heterogeneous nuclear ribonucleoprotein U-like protein 1,DRRGRsPQPPA,Q9BUJ2,S194-p,HNRNPUL1,,,,,,,,
Heterogeneous nuclear ribonucleoproteins A2/B1,NMGGPyGGGNY,P22626,Y331-p,HNRNPA2B1,-2.108857988,0.021837429,-1.842676092,0.325529032,,,,
Histone acetyltransferase KAT2A,DPDQLyTTLKN,Q92830,Y734-p,KAT2A,0.03930584,0.147921044,1.010252975,0.086742401,,,,
Homeodomain-interacting protein kinase 1,KAVCStYLQSR,Q86Z02,T351-p,HIPK1,,,,,,,,
Homeodomain-interacting protein kinase 3,TVCSTyLQSRY,Q9H422,Y359-p,HIPK3,-0.399891269,0.406007809,-0.204516627,0.275819028,,,,
Inactive tyrosine-protein kinase PEAK1,CSATYsNLGQS,Q9H792,S1108-p,PEAK1,,,,,,,,
Inactive tyrosine-protein kinase PEAK1,IHDEPtYARSS,Q9H792,T615-p,PEAK1,,,,,,,,
Inactive tyrosine-protein kinase PEAK1,NPCSAtYSNLG,Q9H792,T1106-p,PEAK1,,,,,,,,
Inactive tyrosine-protein kinase PEAK1,SSAIRyQEVWT,Q9H792,Y531-p,PEAK1,-0.507609004,0.223607721,0.312394846,0.161329284,,,,
Inactive tyrosine-protein kinase PEAK1,SVEELyAIPPD,Q9H792,Y797-p,PEAK1,1.694778552,0.142801437,2.207074433,0.135190292,,,,
Insulin receptor substrate 2,CRsDDyMPMSP,Q9Y4H2,Y675-p;S672-p,IRS2,0.549186274,0.267537584,0.554798786,0.314241116,,,,
Insulin receptor substrate 2,GADDGyMPMTP,Q9Y4H2,Y653-p,IRS2,-0.482848845,0.082331056,-0.430123294,0.426555909,,,,
Insulin receptor substrate 2,GDSDQyVLMSS,Q9Y4H2,Y823-p,IRS2,-0.176246907,0.081898527,-0.095942193,0.563689718,,,,
Integrin beta-1,KSAVTtVVNPK,P05556,T789-p,ITGB1,,,,,,,,
Integrin beta-4,QGEGPySSLVS,P16144,Y1207-p,ITGB4,-0.907992203,0.112417126,-1.207919959,0.40397673,,,,
Intersectin-2,EPEALyAAVNK,Q9NZM3,Y968-p,ITSN2,1.397616857,0.187157473,1.984935418,0.114013646,,,,
Intersectin-2,QNKLIyLVPEK,Q9NZM3,Y553-p,ITSN2,1.019833651,0.004529286,1.795284493,0.332420317,,,,
Kanadaptin,EDFYDsDDDTF,Q9BWU0,S466-p,SLC4A1AP,,,,,,,,
"Keratin, type I cytoskeletal 18",DRLASyLDRVR,P05783,Y94-p,KRT18,-1.752101834,0.172127088,-1.666136468,0.363099569,,,,
"Keratin, type I cytoskeletal 18",QVRDWsHYFKI,P05783,S127-p,KRT18,,,,,,,,
"Keratin, type I cytoskeletal 18",TFSTNyRSLGS,P05783,Y13-p,KRT18,-1.908551711,0.21681945,-1.849769091,0.138119519,,,,
"Keratin, type I cytoskeletal 19",GQEDHyNNLSA,P08727,Y391-p,KRT19,-0.898817715,0.061676693,-0.878377003,0.430254358,,,,
"Keratin, type II cytoskeletal 7",AVRsAyGGPVG,P08729,Y55-p;S53-p,KRT7,-2.208597188,0.199869835,-1.860746735,0.297848143,,,,
"Keratin, type II cytoskeletal 7",DVDAAyMSKVE,P08729,Y205-p,KRT7,-0.955458814,0.368532741,-0.812218276,0.269488316,,,,
"Keratin, type II cytoskeletal 7",GSSSLyGLGAS,P08729,Y40-p,KRT7,-1.065027527,0.21359038,-0.78003058,0.581583838,,,,
"Keratin, type II cytoskeletal 7",GSSsLyGLGAS,P08729,Y40-p;S38-p,KRT7,-1.065027527,0.21359038,-0.78003058,0.581583838,,,,
"Keratin, type II cytoskeletal 7",GSsSLyGLGAS,P08729,Y40-p;S37-p,KRT7,-1.065027527,0.21359038,-0.78003058,0.581583838,,,,
"Keratin, type II cytoskeletal 8",DVDEAyMNKVE,P05787,Y204-p,KRT8,-0.537366864,0.046588821,-0.297763694,0.284907261,,,,
"Keratin, type II cytoskeletal 8",EVKAQyEDIAN,P05787,Y267-p,KRT8,-0.889644603,0.34553185,-1.180638584,0.373525209,,,,
"Keratin, type II cytoskeletal 8",FSSRsyTSGPG,P05787,Y25-p;S24-p,KRT8,-2.199371684,0.339543248,-2.057198155,0.149124735,,,,
Kin of IRRE-like protein 1,LERtPyEAYDP,Q96J84,Y721-p;T719-p,KIRREL1,-0.295123782,0.158293045,-0.292172816,0.274165698,,,,
Kin of IRRE-like protein 1,SRAVLyADYRA,Q96J84,Y622-p,KIRREL1,0.068969973,0.342282076,0.949691375,0.072036993,,,,
Kinesin light chain 2,AEEVEyYYRRA,Q9H0B6,Y345-p,KLC2,-1.522886357,0.603603059,-1.307758315,0.024903156,,,,
L-lactate dehydrogenase A chain,VVESAyEVIKL,P00338,Y239-p,LDHA,1.040293021,0.033091086,1.814310305,0.203667316,,,,
LIM domain only protein 7,AQSNPyYNGPH,Q8WWI1,Y185-p,LMO7,-0.877615094,0.155985713,-0.763696837,0.227192053,,,,
LIM domain only protein 7,YCNDCyLRFKS,Q8WWI1,Y1672-p,LMO7,-1.237060678,0.328838022,-1.411093072,0.247832725,,,,
LIM domain-containing protein 1,LTHGDyYDNLS,Q9UGP4,Y179-p,LIMD1,0.39956857,0.179277336,1.06048232,0.144044469,,,,
LIM domain-containing protein 1,THGDYyDNLSL,Q9UGP4,Y180-p,LIMD1,-0.096032796,0.125464039,0.725640377,0.12678915,,,,
La-related protein 1,TFTAWsDEESD,Q6PKG0,S627-p,LARP1,,,,,,,,
La-related protein 1,TFTAWsDEEsD,Q6PKG0,S627-p;S631-p,LARP1,,,,,,,,
Leupaxin,QDSDEySNPAP,O60711,Y22-p,LPXN,-0.759756215,0.242822825,-0.621384636,0.380607795,,,,
Lipolysis-stimulated lipoprotein receptor,GGQGSyVPLLR,Q86X29,Y372-p,LSR,-0.766144604,0.009015976,-0.30790192,0.355785895,,,,
Lipolysis-stimulated lipoprotein receptor,SGDLPyDGRLL,Q86X29,Y586-p,LSR,-1.33532726,0.037755266,-0.954963954,0.088216298,,,,
Lipoma-preferred partner,DSDPTyGQQGH,Q93052,Y317-p,LPP,-1.370007317,0.353410333,-1.430474511,0.481804017,,,,
Lipoma-preferred partner,GMDYAyIPPPG,Q93052,Y275-p,LPP,1.523903715,0.140137649,2.372617945,0.114839979,,,,
Lipoma-preferred partner,NDSDPtYGQQG,Q93052,T316-p,LPP,,,,,,,,
Lipoma-preferred partner,PNQGRyYEGYY,Q93052,Y296-p,LPP,0.772390052,0.203678178,1.749048079,0.093727659,,,,
Low molecular weight phosphotyrosine protein phosphatase,IIEDPyYGNDS,P24666,Y132-p,ACP1,-0.648005799,0.351909315,-1.26015342,0.222483673,,,,
Low-density lipoprotein receptor,HNQDGySYPSR,P01130,Y845-p,LDLR,-1.236164956,0.048413937,-1.30824645,0.272057984,,,,
Low-density lipoprotein receptor,PVYQKtTEDEV,P01130,T831-p,LDLR,,,,,,,,
MAGUK p55 subfamily member 5,TDERVyESIGQ,Q8N3R9,Y243-p,MPP5,0.807609224,0.042796364,1.652553494,0.022837784,,,,
MAGUK p55 subfamily member 5,VAGRDyHFVSR,Q8N3R9,Y528-p,MPP5,-1.680618677,0.046163815,-1.61468757,0.379596386,,,,
Mitogen-activated protein kinase 1,GFLTEyVATRW,P28482,Y187-p,MAPK1,-0.963822515,0.249610441,-1.242364769,0.480009704,,,,
Mitogen-activated protein kinase 10,FMMTPyVVTRY,P53779; P45983,Y223-p,MAPK10,-1.287801211,0.613403823,-1.226182718,0.227865036,,,,
Mitogen-activated protein kinase 10,FMMtPyVVTRY,P53779; P45983,Y223-p;T221-p,MAPK10,-1.287801211,0.613403823,-1.226182718,0.227865036,,,,
Mitogen-activated protein kinase 13,AEMTGyVVTRW,O15264,Y182-p,MAPK13,-0.778624871,0.854244533,-1.043270096,0.029735154,,,,
Mitogen-activated protein kinase 14,DEMTGyVATRW,Q16539,Y182-p,MAPK14,-1.084109307,0.292182964,-1.017920148,0.37652588,,,,
Mitogen-activated protein kinase 3,GFLTEyVATRW,P27361,Y204-p,MAPK3,-0.963822515,0.249610441,-1.242364769,0.480009704,,,,
Mitogen-activated protein kinase 9,FMMtPyVVTRY,P45984,Y185-p;T183-p,MAPK9,-1.287801211,0.613403823,-1.226182718,0.227865036,,,,
Mitotic interactor and substrate of PLK1,GRPSLyVQRDI,Q8IVT2,Y350-p,MISP,-0.893318716,0.248712741,-0.882211435,0.715654884,,,,
Multivesicular body subunit 12A,RNDSIyEASSL,Q96EY5,Y204-p,MVB12A,0.019974496,0.165408576,1.224572106,0.077623318,,,,
Myelin protein zero-like protein 1,SESVVyADIRK,O95297,Y263-p,MPZL1,-0.458959251,0.127137097,0.083133576,0.370616531,,,,
Myosin-9,LDSNLyRIGQS,P35579,Y754-p,MYH9,-1.541580787,0.174492718,-1.766557194,0.125884935,,,,
Myosin-9,QAADKyLyVDK,P35579,Y9-p;Y11-p,MYH9,-0.747778052,0.0742217,-1.016679247,0.284852999,,,,
NSFL1 cofactor p47,EEESAyVAGEK,Q9UNZ2,Y167-p,NSFL1C,-0.737507379,0.353798997,-0.832951919,0.420534011,,,,
Neural Wiskott-Aldrich syndrome protein,TSKVIyDFIEK,O00401,Y256-p,WASL,1.779528987,0.253706211,2.369161181,0.310512653,,,,
Neuroblast differentiation-associated protein AHNAK,SEVVLsGDDEE,Q09666,S115-p,AHNAK,,,,,,,,
Non-receptor tyrosine-protein kinase TNK1,SAASRyVLARP,Q13470,Y661-p,TNK1,-1.863823524,0.28675492,-1.763197566,0.047274509,,,,
Non-receptor tyrosine-protein kinase TYK2,EGEPCyIRDSG,P29597,Y292-p,TYK2,-0.82257096,0.22192346,-0.778622426,0.240556507,,,,
Nuclear ubiquitous casein and cyclin-dependent kinase substrate 1,SQFQEsDDADE,Q9H1E3,S19-p,NUCKS1,,,,,,,,
Nucleoside diphosphate kinase B,HLKQHyIDLKD,P22392,Y52-p,NME2,-1.202587933,0.247279123,-1.412206234,0.621648948,,,,
PDZ and LIM domain protein 1,TPPEGyEVVTV,O00151,Y321-p,PDLIM1,-0.808187971,0.245798158,-0.645673739,0.322699215,,,,
PDZ and LIM domain protein 4,LGSEVyRMLRE,P50479,Y191-p,PDLIM4,-0.702951889,0.229029648,-1.209753933,0.2165927,,,,
PDZ and LIM domain protein 5,HIVERyTEFyH,Q96HC4,Y247-p;Y251-p,PDLIM5,0.437352354,0.300551581,1.447828347,0.065363233,,,,
Palmitoyltransferase ZDHHC13,VKATQyGIFER,Q8IUH4,Y59-p,ZDHHC13,-1.056928681,0.052649468,-1.404638392,0.347226659,,,,
Partitioning defective 3 homolog,ARERDyAEIQD,Q8TEW0,Y1080-p,PARD3,-0.716958322,0.27638033,-1.078605056,0.324879449,,,,
Partitioning defective 3 homolog,GSAPIyVKNIL,Q8TEW0,Y489-p,PARD3,-0.812465656,0.265685107,1.064509279,0.272280742,,,,
Partitioning defective 3 homolog,MMDALyAQVKK,Q8TEW0,Y1127-p,PARD3,0.586455591,0.281978141,1.458894584,0.062976961,,,,
Partitioning defective 3 homolog B,HLEGLyAKVNK,Q8TEW8,Y1000-p,PARD3B,1.167188279,0.166187802,1.905032902,0.141601591,,,,
Paxillin,SSSPVyGSSAK,P49023,Y88-p,PXN,-1.891393237,0.286147026,-1.943751109,0.235537115,,,,
Paxillin,SSsPVyGSSAK,P49023,Y88-p;S85-p,PXN,-1.891393237,0.286147026,-1.943751109,0.235537115,,,,
Phosphatidylcholine:ceramide cholinephosphotransferase 2,KKYPDyIQIAM,Q8NHU3,Y59-p,SGMS2,0.237585441,0.643500981,-0.917724833,0.48016386,,,,
"Phosphatidylinositol 3,4,5-trisphosphate 5-phosphatase 2",FNNPAyYVLEG,O15357,Y986-p,INPPL1,1.335378576,0.045907192,2.022120009,0.119167866,,,,
Phosphatidylinositol 3-kinase regulatory subunit beta,DKsREyDQLYE,O00459,Y460-p;S457-p,PIK3R2,-0.253762837,0.097011378,-0.279634208,0.384977114,,,,
Phosphatidylinositol 3-kinase regulatory subunit gamma,DADENyFINEE,Q92569,Y341-p,PIK3R3,-0.191296368,0.00051113,0.051812663,0.141905098,,,,
Phosphatidylinositol 4-kinase alpha,NLRNRyAGEVY,P42356,Y1149-p,PI4KA,-1.989863042,0.159413636,-1.930257902,0.129138728,,,,
Phosphatidylinositol transfer protein alpha isoform,HVEAVyIDIAD,Q00169,Y140-p,PITPNA,0.064334763,0.105708539,0.589227373,0.277716571,,,,
Phosphofurin acidic cluster sorting protein 1,EIKIYsLSSQP,Q6VY07,S252-p,PACS1,,,,,,,,
Phosphoglucomutase-1,TKIALyETPTG,P36871,Y353-p,PGM1,1.11573873,0.222289577,1.971903838,0.269033051,,,,
Phosphoglycerate mutase 1,LNERHyGGLTG,P18669,Y92-p,PGAM1,-1.634265012,0.254962266,-1.93392918,0.109320796,,,,
Phosphoglycerate mutase 1,RFSGWyDADLS,P18669,Y26-p,PGAM1,-0.082964323,0.12757295,-0.242060813,0.680549904,,,,
Phospholipid-transporting ATPase IC,SHQRGyADLIS,O43520,Y1217-p,ATP8B1,-1.871116697,0.350321409,-2.232537072,0.31222299,,,,
Phosphoprotein associated with glycosphingolipid-enriched microdomains 1,PKENDyESISD,Q9NWQ8,Y417-p,PAG1,-0.759945183,0.29773316,-0.850186465,0.408987805,,,,
Phosphoprotein associated with glycosphingolipid-enriched microdomains 1,SLSYKsREEDP,Q9NWQ8,S301-p,PAG1,,,,,,,,
Plakophilin-2,GNLHRtSsVPE,Q99959,T80-p;S82-p,PKP2,,,,,,,,
Plakophilin-2,VPEYVyNLHLV,Q99959,Y88-p,PKP2,-0.434456651,0.183641486,-0.612300038,0.594377472,,,,
Plakophilin-3,GLDDRySLVSE,Q9Y446,Y195-p,PKP3,-0.551133106,0.025123275,-0.714649614,0.293986233,,,,
Plakophilin-3,GSRADyDTLSL,Q9Y446,Y176-p,PKP3,-1.205983826,0.119500051,-1.256579768,0.736033403,,,,
Plakophilin-3,GSRADyDTLsL,Q9Y446,Y176-p;S180-p,PKP3,-1.205983826,0.119500051,-1.256579768,0.736033403,,,,
Plakophilin-3,MRNLIyDNADN,Q9Y446,Y390-p,PKP3,0.025402986,0.076958817,0.448066327,0.42590951,,,,
Plakophilin-3,TSRGQyHTLQA,Q9Y446,Y84-p,PKP3,0.069064029,0.202695023,1.515903432,0.011066788,,,,
Plakophilin-4,NTTATyAEPYR,Q99569,Y478-p,PKP4,-0.167909928,0.229661236,0.855468319,0.053280665,,,,
Plastin-2,SEEEKyAFVNW,P13796,Y124-p,LCP1,1.08962984,0.029033876,1.734692753,0.002503824,,,,
Pleckstrin homology domain-containing family A member 6,RsEDIyADPAA,Q9Y2H5,Y492-p;S488-p,PLEKHA6,0.621229376,0.044348946,1.35883688,0.092073918,,,,
Pleckstrin homology-like domain family B member 2,HKEGLyLSDTL,Q86SQ0,Y894-p,PHLDB2,-0.936064272,0.077235558,-0.59336076,0.467845215,,,,
Pleckstrin homology-like domain family B member 2,IDNDNyLNFSS,Q86SQ0,Y301-p,PHLDB2,-0.648132874,0.154933976,-1.004893549,0.53361347,,,,
Pleckstrin homology-like domain family B member 2,SEGNPyVSSTL,Q86SQ0,Y324-p,PHLDB2,-1.498545938,0.011924904,-1.031203833,0.355435929,,,,
Plectin,GSRRGsFDATG,Q15149,S4642-p,PLEC,,,,,,,,
Polyglutamine-binding protein 1,EELAPyPKSKK,O60828,Y187-p,PQBP1,-1.299668612,0.627410854,-1.83519235,0.075414619,,,,
Profilin-1,INKKCyEMASH,P07737,Y129-p,PFN1,-1.127048648,0.047761185,-1.078619707,0.315077833,,,,
Proteasome subunit alpha type-2,QKsILyDERSV,P25787,Y57-p;S54-p,PSMA2,-1.051957938,0.166577839,-1.520664235,0.62052025,,,,
Proteasome subunit beta type-4,GASGDyADFQY,P28070,Y102-p,PSMB4,-0.358133073,0.093121491,-0.267406312,0.444521239,,,,
Proteasome subunit beta type-4,MRVLYyRDARS,P28070,Y223-p,PSMB4,-0.547132698,0.166907717,-0.299051747,0.051108947,,,,
Protein BRICK1,ERRIEyIEARV,Q8WUW1,Y63-p,BRK1,-1.296194257,0.186322028,-0.845100418,0.247640264,,,,
Protein KIBRA,LAQQEyQQLHA,Q8IX03,Y128-p,WWC1,,,,,,,,
Protein LTV1 homolog,ESICStYSNLY,Q96GA3,T356-p,LTV1,,,,,,,,
Protein MEMO1,GQRFRySYYDE,Q9Y316,Y199-p,MEMO1,0.023744064,0.003875349,0.215135417,0.154284144,,,,
Protein SON,LGQDPyRLGHD,P18583,Y949-p,SON,-1.713620899,0.286692958,-1.633705825,0.291608063,,,,
Protein diaphanous homolog 1,QGEEDsYDLKG,O60610,S373-p,DIAPH1,,,,,,,,
Protein kinase C and casein kinase substrate in neurons protein 2,KNVSSyEKTQS,Q9UNF0,Y388-p,PACSIN2,-1.673351966,0.536793,-1.924240259,0.044403091,,,,
Protein kinase C delta type,EPVGIyQGFEK,Q05655,Y313-p,PRKCD,-0.386352896,0.100349535,-0.071173102,0.356056097,,,,
Protein kinase C delta type,KGRGEyFAIKA,Q05655,Y374-p,PRKCD,0.560908711,0.635399962,-0.485878105,0.48414772,,,,
Protein kinase C delta type,KSPRDySNFDQ,Q05655,Y630-p,PRKCD,-1.418473332,0.092527503,-0.972063443,0.383307235,,,,
Protein-glutamine gamma-glutamyltransferase 2,DLSTKyDAPFV,P21980,Y388-p,TGM2,-1.048305197,0.085568997,-1.046192928,0.51010554,,,,
Protein-tyrosine kinase 2-beta,FGLSRyIEDED,Q14289,Y573-p,PTK2B,-0.581860698,0.538313457,-0.716605947,0.238668947,,,,
Protein-tyrosine kinase 2-beta,QMVEDyQWLRQ,Q14289,Y819-p,PTK2B,-0.345952809,0.084888324,-0.79238931,0.628336851,,,,
Proto-oncogene tyrosine-protein kinase Src,STEPQyQPGEN,P12931,Y530-p,SRC,-0.967805135,0.250267423,-0.813645427,0.428577794,,,,
Pyridoxal-dependent decarboxylase domain-containing protein 1,STEPIyVYKAQ,Q6P996,Y677-p,PDXDC1,1.245724852,0.062974707,1.980155676,0.193429573,,,,
Pyruvate kinase PKM,AEAAIyHLQLF,P14618,Y390-p,PKM,1.274633355,0.157194648,2.094159846,0.20654679,,,,
Pyruvate kinase PKM,TAKGDyPLEAV,P14618,Y370-p,PKM,-1.311976295,0.343482324,-1.155852996,0.536413294,,,,
RNA-binding protein 14,ANANStPPPYE,Q96PK6,T572-p,RBM14,,,,,,,,
RNA-binding protein 14,SDYARySGSYN,Q96PK6,Y648-p,RBM14,-1.938202102,0.196704511,-1.828549135,0.193766895,,,,
RNA-binding protein 5,AYSGDsDNEEE,P52756,S624-p,RBM5,,,,,,,,
Ragulator complex protein LAMTOR1,GAEPNyHSLPS,Q6IAA8,Y40-p,LAMTOR1,0.461634579,0.032562438,1.735149818,0.242710017,,,,
Rap guanine nucleotide exchange factor 1,QLLEDySEPQP,Q13905,Y561-p,RAPGEF1,-0.479371584,0.085782069,-0.353933928,0.35667831,,,,
Ras GTPase-activating protein 1,DGKEIyNTIRR,P20936,Y460-p,RASA1,-0.89845957,0.010725917,-1.306979445,0.495224735,,,,
Ras GTPase-activating protein-binding protein 1,NDIFRyQDEVF,Q13283,Y133-p,G3BP1,-0.824697099,0.357521886,-1.005650299,0.411302063,,,,
Ras and Rab interactor 1,AQDPLyDVPNA,Q13671,Y36-p,RIN1,1.846876162,0.181038948,2.42608903,0.07254498,,,,
Ras and Rab interactor 1,LPTTGyLVYRR,Q13671,Y698-p,RIN1,-1.896825951,0.366245061,-1.574145444,0.08238929,,,,
Ras and Rab interactor 1,YKEQGyHRLPP,Q13671,Y681-p,RIN1,-0.620505496,0.0901131,0.19542376,0.18800932,,,,
Receptor tyrosine-protein kinase erbB-2,AENPEyLGLDV,P04626,Y1248-p,ERBB2,-0.51527771,0.258494148,-0.581768793,0.420914046,,,,
Receptor tyrosine-protein kinase erbB-2,IDETEyHADGG,P04626,Y877-p,ERBB2,-0.79479235,0.341892341,-0.779753479,0.417446231,,,,
Receptor tyrosine-protein kinase erbB-3,FDNPDyWHSRL,P21860,Y1328-p,ERBB3,-0.729336885,0.122998312,-0.968970175,0.567914737,,,,
Receptor-type tyrosine-protein phosphatase kappa,AMDRsyADQST,Q15262,Y805-p;S804-p,PTPRK,-1.555836223,0.227054298,-1.416685956,0.333799325,,,,
Retinoic acid-induced protein 3,LYAPYsTHFQL,Q8NFJ5,S321-p,GPRC5A,,,,,,,,
Retinoic acid-induced protein 3,TGDTLyAPYST,Q8NFJ5,Y317-p,GPRC5A,0.50465774,0.175474163,1.75356482,0.115617412,,,,
Retinoic acid-induced protein 3,TLYAPySTHFQ,Q8NFJ5,Y320-p,GPRC5A,1.470447549,0.25909812,2.31832243,0.239813137,,,,
Rho GDP-dissociation inhibitor 1,VSGMKyIQHTY,P52565,Y128-p,ARHGDIA,-1.94618704,0.087234401,-1.714791646,0.455241277,,,,
Rho GDP-dissociation inhibitor 2,VSGLKyVQHTY,P52566,Y125-p,ARHGDIB,-1.598226505,0.115104142,-1.274716698,0.361835489,,,,
Rho GTPase-activating protein 12,PDsPVyANLQE,Q8IWW6,Y243-p;S240-p,ARHGAP12,0.326949471,0.076178763,0.995246383,0.201624334,,,,
Rho GTPase-activating protein 27,PPEPVyANIER,Q6ZUM4,Y228-p,ARHGAP27,1.496332302,0.090014376,2.215808439,0.303534209,,,,
Rho GTPase-activating protein 32,DNLEDyHSLPQ,A7KAX9,Y2029-p,ARHGAP32,-0.558187768,0.154229139,-0.309131565,0.362704622,,,,
Rho GTPase-activating protein 35,EEVFNsPRAGS,Q9NRY4,S970-p,ARHGAP35,,,,,,,,
Rho GTPase-activating protein 35,FDPSDyAEPMD,Q9NRY4,Y1087-p,ARHGAP35,-0.418374434,0.171560452,-0.010309936,0.040875106,,,,
Rho GTPase-activating protein 42,GKEPIyTLPAI,A6NI28,Y376-p,ARHGAP42,2.296239441,0.160433042,2.822680504,0.30414279,,,,
Rho GTPase-activating protein 5,YSDEIyVVPDD,Q13017,Y1109-p,ARHGAP5,1.214126199,0.131049756,1.666334908,0.040737438,,,,
Rho guanine nucleotide exchange factor 5,RRDRRsGRDYS,Q12774,S652-p,ARHGEF5,,,,,,,,
Rho guanine nucleotide exchange factor 5,RSGRDySTVSA,Q12774,Y656-p,ARHGEF5,-1.817602704,0.367338603,-1.909398636,0.187219483,,,,
Rho guanine nucleotide exchange factor 5,TEELIyLSQKI,Q12774,Y1370-p,ARHGEF5,-0.007843342,0.059016932,0.394966437,0.299996421,,,,
Roundabout homolog 1,GLTSTyAGIRK,Q9Y6N7,Y932-p,ROBO1,-1.853297836,0.007413775,-2.299069864,0.347341031,,,,
SH2 domain-containing adapter protein B,GESAGyMEPYE,Q15464,Y268-p,SHB,-0.73162023,0.289281287,-0.612709519,0.5169183,,,,
SH2 domain-containing adapter protein B,IADDYsDPFDA,Q15464,S247-p,SHB,,,,,,,,
SH2 domain-containing adapter protein B,RPADEyDQPWE,Q15464,Y336-p,SHB,-0.23314557,0.144663674,-0.236639579,0.394382591,,,,
SH2 domain-containing adapter protein B,TIADDySDPFD,Q15464,Y246-p,SHB,-0.170271086,0.057895214,-0.075603445,0.44307482,,,,
SH2 domain-containing protein 3A,ERPPTyCELVP,Q9BRG2,Y231-p,SH2D3A,1.216938471,0.030778642,1.7370191,0.071362626,,,,
SH2 domain-containing protein 3A,TKPPRtPSFEL,Q9BRG2,T216-p,SH2D3A,,,,,,,,
SH3 and multiple ankyrin repeat domains protein 2,DSEDLySRNAG,Q9UPX8,Y588-p,SHANK2,-0.444029509,0.144883072,-0.510137814,0.413460596,,,,
SHC-transforming protein 1,LFDDPsYVNVQ,P29353,S426-p,SHC1,,,,,,,,
SHC-transforming protein 1,PPDHQyYNDFP,P29353,Y349-p,SHC1,-0.661003812,0.056191731,-0.66705488,0.388322063,,,,
SLAIN motif-containing protein 2,SWLYSsPKKKL,Q9P270,S134-p,SLAIN2,,,,,,,,
Secretory carrier-associated membrane protein 3,PKNYGsYSTQA,O14828,S85-p,SCAMP3,,,,,,,,
Secretory carrier-associated membrane protein 3,RPSRQyATLDV,O14828,Y35-p,SCAMP3,-0.842861066,0.155836316,0.144577565,0.213645662,,,,
Septin-2,FINPEtPGYVG,Q15019,T14-p,2-Sep,,,,,,,,
Septin-2,PETPGyVGFAN,Q15019,Y17-p,2-Sep,-1.494744364,0.0120943,-1.325463776,0.31354676,,,,
Serine/arginine repetitive matrix protein 2,CAGVKsStPPG,Q9UQ35,S1041-p;T1043-p,SRRM2,,,,,,,,
Serine/arginine repetitive matrix protein 2,CAGVKssTPPG,Q9UQ35,S1041-p;S1042-p,SRRM2,,,,,,,,
Serine/arginine-rich splicing factor 1,EGETAyIRVKV,Q07955,Y189-p,SRSF1,-0.404969652,0.494971788,-0.619576074,0.243476393,,,,
Serine/arginine-rich splicing factor 9,YQSRGsPHYFS,Q13242,S211-p,SRSF9,,,,,,,,
Serine/threonine-protein kinase ICK,AREIRsKPPYT,Q9UPZ9,S152-p,ICK,,,,,,,,
Serine/threonine-protein kinase ICK,PPYTDyVSTRW,Q9UPZ9,Y159-p,ICK,-1.091657337,0.116550939,-1.438959618,0.546737848,,,,
Serine/threonine-protein kinase ICK,PPYtDyVSTRW,Q9UPZ9,Y159-p;T157-p,ICK,-1.091657337,0.116550939,-1.438959618,0.546737848,,,,
Serine/threonine-protein kinase PRP4 homolog,NDITPyLVSRF,Q13523,Y849-p,PRPF4B,-1.519509016,0.292372073,-1.772440878,0.432172423,,,,
Serine/threonine-protein kinase mTOR,EDPLIyQHRML,P42345,Y1232-p,MTOR,-1.091503256,0.126873883,-0.951484667,0.333157843,,,,
Signal transducer and activator of transcription 6,KDGRGyVPATI,P42226,Y641-p,STAT6,-2.022719086,0.355477706,-1.630533753,0.130282829,,,,
Signal-induced proliferation-associated 1-like protein 1,RIRQRsNSDIT,O43166,S174-p,SIPA1L1,,,,,,,,
Sodium-coupled neutral amino acid transporter 2,ALKsHyADVDP,Q96QD8,Y41-p;S39-p,SLC38A2,0.019166169,0.397476706,1.44229191,0.157202062,,,,
Sodium-coupled neutral amino acid transporter 2,NSDFNySYPTK,Q96QD8,Y28-p,SLC38A2,0.609640976,0.241754331,1.467110777,0.041910369,,,,
Sodium/potassium-transporting ATPase subunit alpha-1,ELHRKyGTDLS,P05023,Y55-p,ATP1A1,-2.030991521,0.193625761,-1.889233453,0.39382848,,,,
Solute carrier family 12 member 4,PRRGDyDNLEG,Q9UP95,Y17-p,SLC12A4,-1.143338876,0.506558758,-1.368372707,0.026243738,,,,
Solute carrier family 35 member E1,SYPNSySLNRY,Q96K37,Y403-p,SLC35E1,-1.367799174,0.047789622,-1.681358747,0.546830623,,,,
Solute carrier family 35 member E1,TDHFQySRQSY,Q96K37,Y394-p,SLC35E1,-1.461042134,0.092003763,-1.810687956,0.324734262,,,,
Son of sevenless homolog 1,AYSPRySISDR,Q07889,Y1196-p,SOS1,-1.185107573,0.070595169,-1.087129106,0.376418478,,,,
"Spectrin alpha chain, non-erythrocytic 1",QQQEVyGMMPR,Q13813,Y1176-p,SPTAN1,-0.251031124,0.140622753,0.644627855,0.185341308,,,,
"Spectrin beta chain, non-erythrocytic 1",GHDEYsTQSLV,Q01082,S778-p,SPTBN1,,,,,,,,
Splicing factor 3B subunit 4,QDATVyVGGLD,Q15427,Y16-p,SF3B4,-0.906072152,0.157255712,-1.216411733,0.667421406,,,,
Src substrate cortactin,PSSPVyEDAAS,Q14247,Y421-p,CTTN,-0.503205018,0.112142327,-0.651920146,0.505732813,,,,
Src substrate cortactin,PSsPVyEDAAS,Q14247,Y421-p;S418-p,CTTN,-0.503205018,0.112142327,-0.651920146,0.505732813,,,,
Staphylococcal nuclease domain-containing protein 1,PQGREyGMIYL,Q7KZF4,Y109-p,SND1,-0.655062431,0.23372836,-0.413714793,0.246803174,,,,
Syntenin-1,LYPRLyPELSQ,O00560,Y50-p,SDCBP,0.001817559,0.43727869,0.605922233,0.361468679,,,,
Syntenin-1,PELSQyMGLSL,O00560,Y56-p,SDCBP,-0.688272536,0.086200323,-0.770965406,0.381641387,,,,
T-complex protein 1 subunit alpha,DDKHGsYEDAV,P17987,S544-p,TCP1,,,,,,,,
TOM1-like protein 2,RKtVTyEDPQA,Q6ZVM7,Y404-p;T401-p,TOM1L2,-0.402148136,0.010317838,0.15081826,0.169879424,,,,
TRIO and F-actin-binding protein,FTSGKyQDVyV,Q9H2D6,Y2321-p;Y2325-p,TRIOBP,-0.564585592,0.263787182,0.324502422,0.129073377,,,,
TRIO and F-actin-binding protein,RQALDyVELSP,Q9H2D6,Y1945-p,TRIOBP,0.08423257,0.193090043,0.990162483,0.194749446,,,,
Talin-1,QGNENyAGIAA,Q9Y490,Y1116-p,TLN1,-0.946635932,0.003710615,-1.140431372,0.325115265,,,,
Talin-1,TNHDEySLVRE,Q9Y490,Y127-p,TLN1,-1.141370279,0.412690781,-1.747834314,0.234377396,,,,
Target of Myb protein 1,RKEVKyEAPQA,O60784,Y386-p,TOM1,0.286222185,0.222392432,-0.364040359,0.367996651,,,,
Tensin-1,DRHVAyGGYST,Q9HBL0,Y1323-p,TNS1,-1.93125944,0.021835734,-1.868977071,0.280733105,,,,
Tensin-1,GSLPNyATING,Q9HBL0,Y1404-p,TNS1,-0.974754724,0.223820223,-0.368981772,0.442021524,,,,
Tensin-1,RsYSPyDYQPC,Q9HBL0,Y796-p;S792-p,TNS1,1.119379536,0.179183191,1.577791454,0.05877285,,,,
Tensin-1,VAYGGySTPED,Q9HBL0,Y1326-p,TNS1,-0.677361193,0.096410548,-0.646726468,0.41432252,,,,
Tensin-3,LSLGQyDNDAG,Q68CZ2,Y780-p,TNS3,-1.052492686,0.312354717,-1.119056272,0.36706245,,,,
Tensin-3,LsLGQyDNDAG,Q68CZ2,Y780-p;S776-p,TNS3,-1.052492686,0.312354717,-1.119056272,0.36706245,,,,
Tensin-3,VDGSLyAKVRK,Q68CZ2,Y354-p,TNS3,-0.126665965,0.238434739,0.796013906,0.140301879,,,,
"Thioredoxin reductase 1, cytoplasmic",PKsYDyDLIII,Q16881,Y163-p;S160-p,TXNRD1,-0.232802857,0.164547254,0.258149782,0.296504459,,,,
"Threonine--tRNA ligase 1, cytoplasmic",TLQRIyGISFP,P26639,Y298-p,TARS,-0.478859454,0.015927978,0.467651162,0.183079895,,,,
Tight junction protein ZO-1,RKQLSyFDRRS,Q07157,Y1361-p,TJP1,-1.575760152,0.778587198,-1.425826195,0.484237799,,,,
Tight junction protein ZO-1,SEYSMySTDSR,Q07157,Y833-p,TJP1,-0.091126479,0.167456418,0.312763026,0.431274106,,,,
Tight junction protein ZO-1,YFEQYsRSYEQ,Q07157,S1196-p,TJP1,,,,,,,,
Tight junction protein ZO-2,AYDPDyERAYS,Q9UDY2,Y261-p,TJP2,-0.737029835,0.35409886,-0.870144289,0.263070262,,,,
Tight junction protein ZO-2,GADYLsCDSRL,Q9UDY2,S913-p,TJP2,,,,,,,,
Tight junction protein ZO-2,KHPDIyAVPIK,Q9UDY2,Y1118-p,TJP2,2.111753755,0.037524576,2.717606477,0.085875359,,,,
Tight junction protein ZO-2,SIDQDyERAYH,Q9UDY2,Y249-p,TJP2,-0.668863625,0.111833861,-0.506011435,0.448070809,,,,
Transferrin receptor protein 1,MDQARsAFSNL,P02786,S7-p,TFRC,,,,,,,,
Transgelin-2,AGMTGyGMPRQ,Q9UI15; P37802,Y192-p,TAGLN2,-2.04970319,0.269376519,-1.899173953,0.285600855,,,,
Transmembrane protein 106B,VSQFPyVEFTG,Q9NUM4,Y50-p,TMEM106B,-0.747994162,0.098224734,-1.122605152,0.453364192,,,,
Transmembrane protein 230,STDDGyIDLQF,Q96A57,Y29-p,TMEM230,-0.634301379,0.293264223,-0.880266056,0.411263079,,,,
Tubulin alpha-1B chain,KVGINyQPPTV,P0DPH7; Q6PEY2; Q71U36; Q9NY65; P68363; Q9BQE3; P68366,Y357-p,TUBA1B,-1.641193951,0.091883445,-1.672869496,0.182946819,,,,
Tubulin alpha-1C chain,ALEKDyEEVGA,Q9BQE3,Y432-p,TUBA1C,-0.636065202,0.262903883,-0.697675062,0.66812885,,,,
Tubulin beta-4B chain,NKNSSyFVEWI,Q13885; Q13509; P04350; Q9BUF5; P07437; P68371; Q9BVA1,Y340-p,TUBB4B,-0.465232275,0.061505014,-0.734958296,0.274139047,,,,
Twinfilin-1,TADFLyEEVHP,Q12792,Y309-p,TWF1,1.520436882,0.044760367,2.13133449,0.02698509,,,,
Twinfilin-2,TAEFLyDEVHP,Q6IBS0,Y309-p,TWF2,1.25341276,0.005645159,1.810398272,0.088214487,,,,
Type-1 angiotensin II receptor-associated protein,QDRsAyQTIDS,Q6RW13,Y133-p;S131-p,AGTRAP,-1.015743437,0.005709283,-1.124513976,0.3298074,,,,
Tyrosine-protein kinase ABL1,SDGKLyVSSES,P00519,Y185-p,ABL1,-0.451240702,0.090828542,-0.248727547,0.248710527,,,,
Tyrosine-protein kinase FRK,EKQLLySENKT,P42685,Y132-p,FRK,-0.94032988,0.18101442,-1.022839473,0.37420705,,,,
Tyrosine-protein kinase FRK,ETDSSySDANN,P42685,Y497-p,FRK,-0.86116701,0.272361053,-0.69932735,0.317934382,,,,
Tyrosine-protein kinase FRK,QRHGHyFVALF,P42685,Y46-p,FRK,0.567507714,0.028866997,0.853364971,0.126288865,,,,
Tyrosine-protein kinase Fer,PPVVNyEEDAR,P16591,Y402-p,FER,-0.642945395,0.391652453,-0.604183215,0.219486173,,,,
Tyrosine-protein kinase JAK2,REVGDyGQLHE,O60674,Y570-p,JAK2,-0.692266101,0.005606233,-0.458569569,0.360987537,,,,
Tyrosine-protein kinase Lck,DNGGFyISPRI,P06239,Y192-p,LCK,0.241286308,0.08634692,1.066579618,0.145280253,,,,
Tyrosine-protein kinase Lck,IEDNEyTAREG,P06239; P07947; P06241; P12931,Y394-p,LCK,-0.594436731,0.210757395,-0.375928234,0.433392775,,,,
Tyrosine-protein kinase Lyn,IEDNEyTAREG,P07948,Y397-p,LYN,-0.594436731,0.210757395,-0.375928234,0.433392775,,,,
Tyrosine-protein kinase SYK,VSFNPyEPELA,P43405,Y323-p,SYK,-0.41827824,0.168308277,-0.507856155,0.450512371,,,,
Tyrosine-protein kinase Tec,FGMARyVLDDQ,P42680,Y513-p,TEC,-1.25613362,0.309971131,-1.406556095,0.395658269,,,,
Tyrosine-protein kinase Yes,DNGGYyITTRA,P07947; P06241; P09769,Y223-p,YES1,-0.277050992,0.213988913,0.174498247,0.404993992,,,,
Tyrosine-protein kinase Yes,LDNGGyYITTR,P07947; P06241; P09769,Y222-p,YES1,-0.23121895,0.145204354,-0.05217165,0.579887621,,,,
Tyrosine-protein kinase Yes,PEAALyGRFTI,P07947; P06241; P12931,Y446-p,YES1,0.210772204,0.123883599,0.841326,0.063705757,,,,
Tyrosine-protein kinase Yes,SPAIKyRPENT,P07947,Y16-p,YES1,-2.041613466,0.001973508,-1.692216769,0.375980093,,,,
Tyrosine-protein kinase Yes,TKGAYsLSIRD,P07947; P06241; P09769,S195-p,YES1,,,,,,,,
Tyrosine-protein kinase Yes,TTKGAySLSIR,P07947; P06241; P09769,Y194-p,YES1,-1.009869075,0.121149937,-1.593152682,0.364216568,,,,
Tyrosine-protein kinase receptor UFO,ENSEIyDYLRQ,P30530,Y759-p,AXL,1.675254644,0.191490914,2.169228088,0.180780094,,,,
Tyrosine-protein kinase receptor UFO,HPAGRyVLCPS,P30530,Y866-p,AXL,-1.39743461,0.143424321,-1.230675341,0.462162374,,,,
Tyrosine-protein kinase receptor UFO,IYNGDyYRQGR,P30530,Y702-p,AXL,-0.251375668,0.267857629,0.757534346,0.137551567,,,,
Tyrosine-protein kinase receptor UFO,KKETRyGEVFE,P30530,Y481-p,AXL,-1.511838865,0.307179414,-1.040263615,0.13114174,,,,
Tyrosine-protein kinase receptor UFO,PDEILyVNMDE,P30530,Y821-p,AXL,0.356091166,0.1452302,0.772093654,0.17742607,,,,
Tyrosine-protein phosphatase non-receptor type 11,NTGDYyDLYGG,Q06124,Y63-p,PTPN11,1.091741242,0.079689231,1.587528758,0.08194617,,,,
Tyrosine-protein phosphatase non-receptor type 11,RKGHEyTNIKY,Q06124,Y546-p,PTPN11,0.288508062,0.775555797,-1.02856784,0.407494826,,,,
Tyrosine-protein phosphatase non-receptor type substrate 1,PSFSEyASVQV,P78324,Y496-p,SIRPA,-0.905880638,0.132160169,-1.789260277,0.501515063,,,,
Tyrosine-protein phosphatase non-receptor type substrate 1,TNDITyADLNL,P78324,Y429-p,SIRPA,-0.33081262,0.049499377,-0.436581046,0.488800152,,,,
UPF0687 protein C20orf27,ELEYDsEHSDW,Q9GZN8,S165-p,C20orf27,,,,,,,,
Uncharacterized protein C11orf52,ENATEyATLRF,Q96A22,Y103-p,C11orf52,-0.804894047,0.258390087,-1.206026628,0.317281976,,,,
Uncharacterized protein C11orf52,HLENAtEYATL,Q96A22,T101-p,C11orf52,,,,,,,,
Uncharacterized protein C6orf132,PGSADyGFAPA,Q5T0Z8,Y1142-p,C6orf132,-1.319295253,0.027802614,-1.373306342,0.282510256,,,,
Uncharacterized protein KIAA1671,RIEPRyDIVHA,Q9BY89,Y733-p,KIAA1671,1.485818172,0.221992629,2.350861002,0.202141606,,,,
Uridine 5'-monophosphate synthase,LSSPIyIDLRG,P11172,Y37-p,UMPS,1.547998448,0.01927329,2.158395655,0.0909248,,,,
Vacuolar protein sorting-associated protein VTA1 homolog,QKYCKyAGsAL,Q9NP79,Y278-p;S281-p,VTA1,-2.034718466,0.408978963,-1.750152271,0.256320869,,,,
Vasodilator-stimulated phosphoprotein,SRVQIyHNPTA,P50552,Y39-p,VASP,0.229007715,0.261382005,1.250579567,0.038973085,,,,
Vinculin,GNQAAyEHFET,P18206,Y692-p,VCL,-0.473694735,0.143572451,-0.25460494,0.431866326,,,,
Zinc finger Ran-binding domain-containing protein 2,IEREEsDGEYD,O95218,S120-p,ZRANB2,,,,,,,,
Zinc finger protein 185,LFVKEyVNASE,O15231,Y581-p,ZNF185,-1.114871921,0.268565776,-0.851264418,0.324809332,,,,
Zyxin,PPSFTyAQQRE,Q15942,Y316-p,ZYX,-1.744214554,0.202871268,-1.917872087,0.443598386,,,,